chapter,story,timeline
1,How We Got the Book of Mormon,To The Promised Land
2,Lehi Warns the People,To The Promised Land
3,Lehi Leaves Jerusalem,To The Promised Land
4,The Brass Plates,To The Promised Land
5,Traveling in the Wilderness,To The Promised Land
6,Lehi's Dream,To The Promised Land
7,Building the Ship,To The Promised Land
8,Crossing the Sea,To The Promised Land
9,A New Home in the Promised Land,To The Promised Land
10,Jacob and Sherem,To The Promised Land
11,Enos,To The Promised Land
12,King Benjamin,Alma the Elder
13,Zeniff,Alma the Elder
14,Abinadi and King Noah,Alma the Elder
15,Alma Teaches and Baptizes,Alma the Elder
16,King Limhi and His People Escape,Alma the Elder
17,Alma and His People Escape,Alma the Elder
18,Alma the Younger Repents,Alma the Younger
19,The Sons of Mosiah Become Missionaries,Alma the Younger
20,Alma and Nehor,Alma the Younger
21,The Amlicites,Alma the Younger
22,Alma's Mission to Ammonihah,Alma the Younger
23,Ammon: A Great Servant,The Sons of Mosiah
24,Ammon Meets King Lamoni's Father,The Sons of Mosiah
25,Aaron Teaches King Lamoni's Father,The Sons of Mosiah
26,The People of Ammon,The Sons of Mosiah
27,Korihor,Alma the Younger
28,The Zoramites and the Rameumptom,Alma the Younger
29,Alma Teaches about Faith and the Word of God,Alma the Younger
30,Alma Counsels His Sons,Alma the Younger
31,Captain Moroni Defeats Zerahemnah,Captain Moroni
32,Captain Moroni and the Title of Liberty,Captain Moroni
33,King-Men versus Freemen,Captain Moroni
34,Helaman and the 2000 Young Warriors,Captain Moroni
35,Captain Moroni and Pahoran,Captain Moroni
36,Hagoth,Captain Moroni
37,Nephi and Lehi in Prison,The Brothers Nephi and Lehi
38,The Murder of the Chief Judge,The Brothers Nephi and Lehi
39,Nephi Receives Great Power,The Brothers Nephi and Lehi
40,Samuel the Lamanite Tells about Jesus Christ,Jesus Christ in America
41,The Signs of Christ's Birth,Jesus Christ in America
42,The Signs of Christ's Crucifixion,Jesus Christ in America
43,Jesus Christ Appears to the Nephites,Jesus Christ in America
44,Jesus Christ Blesses the Children,Jesus Christ in America
45,Jesus Christ Teaches about the Sacrament and Prayer,Jesus Christ in America
46,Jesus Christ Teaches and Prays with the Nephites,Jesus Christ in America
47,Jesus Christ Blesses His Disciples,Jesus Christ in America
48,Peace in America,Jesus Christ in America
49,Mormon and His Teachings,Jesus Christ in America
50,The Jaredites Leave Babel,The Jaredites
51,The Jaredites Travel to the Promised Land,The Jaredites
52,The Destruction of the Jaredites,The Jaredites
53,Moroni and His Teachings,The Jaredites
54,The Promise of the Book of Mormon,The Jaredites
55,Words to Know,Reference
56,People to Know,Reference
57,Places to Know,Reference
58,Book of Mormon People,Reference
