story,reference,timeline
The Beginning,Genesis 1:1 - 2:3,From the Beginning
Adam and Eve,Genesis 2:15 - 3:24,From the Beginning
Cain and Abel,Genesis 4:1 - 4:16,From the Beginning
The Flood,Genesis 6:9 - 9:17,From the Beginning
The Tower of Babel,Genesis 11:1 - 11:9,From the Beginning
God's Covenant with Abram,Genesis 12:1-9; 17:1-8,Stories of the Patriarchs
The Three Visitors,Genesis 18:1 - 18:15,Stories of the Patriarchs
Sodom and Gomorrah Destroyed,Genesis 19:15 - 19:29,Stories of the Patriarchs
Hagar and Ishmael Sent Away,Genesis 21:8 - 21:21,Stories of the Patriarchs
Abraham Tested,Genesis 22:1 - 22:19,Stories of the Patriarchs
Isaac and Rebekah,Genesis 24,Stories of the Patriarchs
Jacob and Esau,Genesis 25:19 - 25:34,Stories of the Patriarchs
Jacob Gets Isaac's Blessing,Genesis 27:1 - 27:40,Stories of the Patriarchs
Jacobs Dream at Bethel,Genesis 28:10 - 28:22,Stories of the Patriarchs
Jacob Marries Leah and Rachel,Genesis 29:14 - 29:30,Stories of the Patriarchs
Joseph and His Brothers,Genesis 37,Stories of the Patriarchs
The Cupbearer and the Baker,Genesis 40,Stories of the Patriarchs
Pharaoh's Dreams,Genesis 41,Stories of the Patriarchs
Joseph's Brothers Go to Egypt,Genesis 42 - 45,Stories of the Patriarchs
The Birth of Moses,Exodus 1:8 - 2:10,Deliverance From Egypt
Moses and the Burning Bush,Exodus 3:1 - 3:15,Deliverance From Egypt
The Ten Plagues,Exodus 7:6 - 11:10,Deliverance From Egypt
The Passover,Exodus 12,Deliverance From Egypt
Crossing the Red Sea,Exodus 13:17 - 14:31,Deliverance From Egypt
The Water in the Wilderness,Exodus 15:22-27 & 17:1-7,In The Wilderness
Manna and Quail,Exodus 16,In The Wilderness
Moses at Mount Sinai,Exodus 19:1 - 20:21,In The Wilderness
The Golden Calf,Exodus 32,In The Wilderness
The Tabernacle,Exodus 40,In The Wilderness
Exploring Canaan,Numbers 13:1 - 14:12,In The Wilderness
Balaam's Donkey,Numbers 22:21 - 22:38,In The Wilderness
Joshua to Succeed Moses,Deuteronomy 31:1 - 31:8,In The Wilderness
The Death of Moses,Deuteronomy 34,In The Wilderness
Crossing the Jordan,Joshua 3,Into the Promised Land
The Fall of Jericho,Joshua 5:13 - 6:27,Into the Promised Land
Deborah,Judges 4 - 5,Into the Promised Land
Gideon Tests God,Judges 6,Into the Promised Land
Gideon Defeats the Midianites,Judges 7,Into the Promised Land
Samson and Delilah,Judges 16,Into the Promised Land
Naomi and Ruth,Ruth 1 - 4,Into the Promised Land
The Lord Calls Samuel,1 Samuel 3,Into the Promised Land
Israel Asks for a King,1 Samuel 8,Into the Promised Land
Samuel Anoints Saul,1 Samuel 9 - 10,Kings of Israel
Samuel Anoints David,1 Samuel 16:1 - 16:13,Kings of Israel
David and Saul's Service,1 Samuel 16:14 - 16:23,Kings of Israel
David and Goliath,1 Samuel 17,Kings of Israel
Saul Tries to Kill David,1 Samuel 19,Kings of Israel
David Spares Saul's Life,1 Samuel 24 & 1 Samuel 26,Kings of Israel
Saul and the Witch of Endor,1 Samuel 28:4 - 28:25,Kings of Israel
David Becomes King Over Israel,2 Samuel 5:1 - 5:12,Kings of Israel
David and Bathsheba,2 Samuel 11,Kings of Israel
Nathan Rebukes David,2 Samuel 12:1 - 12:15,Kings of Israel
Absalom's Death,2 Samuel 18,Kings of Israel
David Makes Solomon King,1 Kings 1:11 - 1:40,Kings of Israel
A Wise Ruling,1 Kings 3:16 - 3:28,Kings of Israel
Solomon Builds a Temple,1 Kings 6,Kings of Israel
The Queen of Sheba Visits Solomon,1 Kings 10:1 - 10:13,Kings of Israel
Israel Rebels Against Rehoboam,1 Kings 12:1 - 12:24,Kings of Israel
Elijah Fed by Ravens,1 Kings 17:1 - 17:6,Elijah and Elisha
The Widow of Zarephath,1 Kings 17:7 - 17:24,Elijah and Elisha
Elijah on Mount Carmel,1 Kings 18:16 - 18:46,Elijah and Elisha
The Lord Appears to Elijah,1 Kings 19,Elijah and Elisha
Naboth's Vineyard,1 Kings 21,Elijah and Elisha
Ahab Killed at Ramoth Gilead,1 Kings 22:29 - 22:40,Elijah and Elisha
Elijah Taken Up to Heaven,2 Kings 2:1 - 2:12,Elijah and Elisha
Elisha's Miracles,2 Kings 2:13 - 2:25,Elijah and Elisha
Naaman Healed of Leprosy,2 Kings 5,Elijah and Elisha
Jehu Anointed King of Israel,2 Kings 9,Troubled Years
A Seven Year Old King,2 Kings 11,Troubled Years
The Book of the Law Found,2 Kings 22:1 - 23:3,Troubled Years
Isaiah's Commission,Isaiah 6:1 - 6:8,Troubled Years
Isaiah's Prophecy,Isaiah 53,Troubled Years
Jehoiakim Burns Jeremiah's Scroll,Jeremiah 36,Troubled Years
Jeremiah Thrown Into a Cistern,Jeremiah 38:1 - 38:13,Troubled Years
Jonah and the Great Fish,Jonah 1 - 4,Troubled Years
The Valley of Dry Bones,Ezekiel 37:1 - 37:14,Babylonian Exile and After
Nebuchadnezzar's Dream,Daniel 2,Babylonian Exile and After
The Image of Gold & the Fiery Furnace,Daniel 3,Babylonian Exile and After
The Writing on the Wall,Daniel 5,Babylonian Exile and After
Daniel in the Den of Lions,Daniel 6,Babylonian Exile and After
Rebuilding the Temple,Ezra 3:7 - 3:13,Babylonian Exile and After
Nehemiah Returns to Jerusaiem,Nehemiah 2:1 - 2:18,Babylonian Exile and After
Esther Saves Her People,Esther 2:5-18 & 3:12-5:8 & 7:1-10,Babylonian Exile and After
Trials and Blessings of Job,Job 1 & 2 & 42,Babylonian Exile and After
